지역,검색어,매장명,업종,주소,전화번호,수집일시
수원시,올리브영,올리브영 동수원사거리점,체인스토어,경기 수원시 팔달구 중부대로,031-211-5290,2025-07-29 22:27:44
수원시,올리브영,올리브영 망포역점,체인스토어,경기 수원시 영통구 영통로,031-203-7764,2025-07-29 22:27:44
수원시,올리브영,올리브영 아주대 삼거리점,체인스토어,경기 수원시 팔달구 중부대로,031-215-0121,2025-07-29 22:27:44
수원시,올리브영,올리브영 아주대점,체인스토어,경기 수원시 팔달구 아주로,031-214-0128,2025-07-29 22:27:44
수원시,올리브영,올리브영광교아브뉴프랑점(주),체인스토어,경기 수원시 영통구 센트럴타운로,031-8013-3080,2025-07-29 22:27:44
수원시,올리브영,올리브영망포역점,체인스토어,경기 수원시 영통구 영통로,031-203-7764,2025-07-29 22:27:44
수원시,올리브영,올리브영수원영통점,체인스토어,경기 수원시 영통구 청명남로34번길,070-4187-4317,2025-07-29 22:27:44
수원시,올리브영,올리브영수원영통점,체인스토어,경기 수원시 영통구 청명남로34번길,031-206-3060,2025-07-29 22:27:44
수원시,다이소,다이소 수원곡반정점,체인스토어,경기 수원시 권선구 곡선로,031-233-9542,2025-07-29 22:27:49
수원시,다이소,다이소 수원곡반정점,체인스토어,경기 수원시 권선구 곡선로,031-233-9542,2025-07-29 22:27:49
수원시,다이소,다이소 수원북문점,체인스토어,경기 수원시 장안구 정조로,031-242-5735,2025-07-29 22:27:49
수원시,다이소,다이소 수원연무점,체인스토어,경기 수원시 장안구 상광교동,031-1234-5678,2025-07-29 22:27:49
수원시,다이소,다이소 수원탑동점,체인스토어,경기 수원시 권선구 금호로,031-8013-2202,2025-07-29 22:27:49
수원시,다이소,다이소화서사거리점,체인스토어,경기 수원시 팔달구 팔달로,031-242-4343,2025-07-29 22:27:49
수원시,이디야,유에이치에스(UHS)코퍼레이션-이디야수원고등점,커피전문점,경기 수원시 팔달구 고매로,031-242-2467,2025-07-29 22:27:54
수원시,이디야,이디야,커피전문점,경기 수원시 팔달구 인계동,031-226-1112,2025-07-29 22:27:55
수원시,이디야,이디야,커피전문점,경기 수원시 영통구 중부대로448번길,031-217-2008,2025-07-29 22:27:55
수원시,이디야,이디야 경기대점,커피전문점,경기 수원시 장안구 창훈로60번길,031-252-7772,2025-07-29 22:27:55
수원시,이디야,이디야 광교롯데마트점,커피전문점,경기 수원시 영통구 센트럴타운로,031-217-5872,2025-07-29 22:27:55
수원시,이디야,이디야 광교아이스링크점,커피전문점,경기 수원시 영통구 광교호수로,031-211-1213,2025-07-29 22:27:55
수원시,이디야,이디야 광교플렉스데시앙점,커피전문점,경기 수원시 영통구 창룡대로256번길,031-217-2889,2025-07-29 22:27:55
수원시,이디야,이디야 망포역점,커피전문점,경기 수원시 영통구 영통로,031-203-4335,2025-07-29 22:27:55
수원시,이디야,이디야 수원매탄점,커피전문점,경기 수원시 영통구 효원로,031-215-8789,2025-07-29 22:27:55
수원시,이디야,이디야 수원메르디앙점,커피전문점,경기 수원시 팔달구 경수대로604번길,031-213-2809,2025-07-29 22:27:55
수원시,이디야,이디야 수원서광교스위첸점,커피전문점,경기 수원시 장안구 창훈로,070-000-0000,2025-07-29 22:27:55
수원시,이디야,이디야 수원아주대점,커피전문점,경기 수원시 영통구 월드컵로,031-213-7965,2025-07-29 22:27:55
수원시,이디야,이디야 수원오목천점,커피전문점,경기 수원시 권선구 삼천병마로1592번길,031-291-0874,2025-07-29 22:27:55
수원시,이디야,이디야 수원조원점,커피전문점,경기 수원시 장안구 금당로,070-000-0000,2025-07-29 22:27:55
수원시,이디야,이디야 수원터미널점,커피전문점,경기 수원시 권선구 경수대로,031-000-0000,2025-07-29 22:27:55
수원시,이디야,이디야 수원호매실점,커피전문점,경기 수원시 권선구 금곡로102번길,031-297-2249,2025-07-29 22:27:55
수원시,이디야,이디야 수원화성갈비점,커피전문점,경기 수원시 팔달구 중부대로34번길,031-223-5311,2025-07-29 22:27:55
수원시,이디야,이디야 아주대삼거리점,커피전문점,경기 수원시 영통구 중부대로,031-215-8448,2025-07-29 22:27:55
수원시,이디야,이디야 화서오거리점,커피전문점,경기 수원시 팔달구 화양로5번길,031-242-9998,2025-07-29 22:27:55
수원시,이디야,이디야 황골마을점,커피전문점,경기 수원시 영통구 봉영로1759번길,031-204-3211,2025-07-29 22:27:55
수원시,이디야,이디야(매실로점),커피전문점,경기 수원시 권선구 호매실로218번길,031-295-2745,2025-07-29 22:27:55
수원시,이디야,이디야곡반정동점,커피전문점,경기 수원시 권선구 곡반정로97번길,031-222-5840,2025-07-29 22:27:55
수원시,이디야,이디야삼성교점,커피전문점,경기 수원시 영통구 인계로,031-217-2546,2025-07-29 22:27:55
수원시,이디야,이디야수원경희대점,커피전문점,경기 수원시 영통구 덕영대로,031-202-2676,2025-07-29 22:27:55
수원시,이디야,이디야수원디지털엠파이어2점,커피전문점,경기 수원시 영통구 신원로,031-695-8217,2025-07-29 22:27:55
수원시,이디야,이디야수원로데오점,커피전문점,경기 수원시 팔달구 갓매산로,031-207-0447,2025-07-29 22:27:55
수원시,이디야,이디야수원율현점,커피전문점,경기 수원시 팔달구 일월로42번길,031-292-1092,2025-07-29 22:27:55
수원시,이디야,이디야영통중앙점,커피전문점,경기 수원시 영통구 봉영로,031-204-0074,2025-07-29 22:27:55
수원시,이디야,이디야이마트서수원점,커피전문점,경기 수원시 권선구 수인로,031-223-3959,2025-07-29 22:27:55
수원시,이디야,이디야커피,커피전문점,경기 수원시 영통구 봉영로,031-204-6112,2025-07-29 22:27:55
수원시,BBQ,BBQ수원매탄권선점,치킨전문점,경기 수원시 영통구 동수원로,031-223-9282,2025-07-29 22:28:01
수원시,BBQ,BBQ치킨,치킨전문점,경기 수원시 권선구 구운중로3번길,031-294-2944,2025-07-29 22:28:01
수원시,BBQ,BBQ치킨앤비어,치킨전문점,경기 수원시 권선구 정조로388번길,031-221-3310,2025-07-29 22:28:01
수원시,BBQ,비비큐(BBQ),치킨전문점,경기 수원시 권선구 권선로639번길,031-222-3318,2025-07-29 22:28:01
수원시,BBQ,비비큐(BBQ),치킨전문점,경기 수원시 권선구 서수원로523번길,031-297-9282,2025-07-29 22:28:01
수원시,BBQ,비비큐(BBQ) 매교점,치킨전문점,경기 수원시 팔달구 세지로,031-235-9282,2025-07-29 22:28:01
수원시,BBQ,비비큐(BBQ) 매탄점,치킨전문점,경기 수원시 팔달구 권광로,070-7238-0890,2025-07-29 22:28:01
수원시,BBQ,비비큐(BBQ) 수원원천점,일반음식점,경기 수원시 영통구 월드컵로97번길,031-215-4449,2025-07-29 22:28:01
수원시,BBQ,비비큐(BBQ) 수원파장중앙점,치킨전문점,경기 수원시 장안구 경수대로1078번길,031-268-8292,2025-07-29 22:28:01
수원시,BBQ,비비큐(BBQ) 신매탄점,치킨전문점,경기 수원시 영통구 매탄로,031-217-3880,2025-07-29 22:28:01
수원시,BBQ,비비큐(BBQ) 율전행복점,치킨전문점,경기 수원시 장안구 서부로2197번길,031-269-9592,2025-07-29 22:28:01
수원시,BBQ,비비큐(BBQ)수원망포점,치킨전문점,경기 수원시 영통구 영통로,031-205-9929,2025-07-29 22:28:01
수원시,BBQ,비비큐(BBQ)수원호매실중앙점,치킨전문점,경기 수원시 권선구 호매실로104번길,031-292-1412,2025-07-29 22:28:01
수원시,BBQ,비비큐(BBQ)올리브치킨 세류행복점,치킨전문점,경기 수원시 권선구 덕영대로,031-1588-9282,2025-07-29 22:28:01
수원시,BBQ,비비큐(BBQ)치킨,치킨전문점,경기 수원시 장안구 월드컵로428번길,031-251-9282,2025-07-29 22:28:01
수원시,BBQ,비비큐(BBQ)치킨 수원경기대점,치킨전문점,경기 수원시 영통구 대학3로,031-215-6170,2025-07-29 22:28:01
수원시,BBQ,토미비비큐하우스(TOMMY BBQ HOUSE,서양식전문점,경기 수원시 장안구 팔달로,031-000-0000,2025-07-29 22:28:01
부천시,올리브영,씨제이올리브영(주)부천원종점,체인스토어,경기 부천시 오정구 소사로,032-679-2176,2025-07-29 22:28:13
부천시,올리브영,올리브영 부천역남부점,체인스토어,경기 부천시 경인로,032-614-5290,2025-07-29 22:28:13
부천시,올리브영,올리브영부천오정점,체인스토어,경기 부천시 오정로,032-677-5290,2025-07-29 22:28:13
부천시,다이소,다이소 부천원미시장점,체인스토어,경기 부천시 원미로,032-656-8831,2025-07-29 22:28:18
부천시,다이소,다이소 부천중동시장점,체인스토어,경기 부천시 부흥로,032-651-3569,2025-07-29 22:28:18
부천시,다이소,다이소 부천춘의역점,체인스토어,경기 부천시 부천로,032-655-6016,2025-07-29 22:28:18
부천시,다이소,다이소고강점,체인스토어,경기 부천시 성지로102번길,031-678-1110,2025-07-29 22:28:18
부천시,다이소,다이소부천오정점,체인스토어,경기 부천시 오정로,032-677-3641,2025-07-29 22:28:18
부천시,이디야,이디야 (부천송내점),커피전문점,경기 부천시 원미구 상일로94번길,032-322-6536,2025-07-29 22:28:23
부천시,이디야,이디야 부천고강점,커피전문점,경기 부천시 역곡로,032-672-6680,2025-07-29 22:28:23
부천시,이디야,이디야 부천심곡본동점,커피전문점,경기 부천시 성주로176번길,032-1111-1111,2025-07-29 22:28:23
부천시,이디야,이디야 부천원미구청점,커피전문점,경기 부천시 원미구 부천로,070-000-0000,2025-07-29 22:28:23
부천시,이디야,이디야 상3동점,커피전문점,경기 부천시 상동로117번길,032-325-4777,2025-07-29 22:28:23
부천시,이디야,이디야 소사본동점,커피전문점,경기 부천시 소사동로,032-341-7216,2025-07-29 22:28:23
부천시,이디야,이디야 소새울역점,커피전문점,경기 부천시 소사로,0507-1408-2522,2025-07-29 22:28:24
부천시,이디야,이디야 신중동점,커피전문점,경기 부천시 길주로,032-324-6863,2025-07-29 22:28:24
부천시,이디야,이디야 오정대공원점,커피전문점,경기 부천시 상오정로,032-0000-0000,2025-07-29 22:28:24
부천시,이디야,이디야(범박점),커피전문점,경기 부천시 소사구 양지로67번길,032-344-0807,2025-07-29 22:28:24
부천시,이디야,이디야(부천송내점),커피전문점,경기 부천시 상일로94번길,032-322-6536,2025-07-29 22:28:24
부천시,이디야,이디야(부천시청역점),커피전문점,경기 부천시 길주로,032-321-1619,2025-07-29 22:28:24
부천시,이디야,이디야(부천중동팰리스점),커피전문점,경기 부천시 장말로,032-228-4483,2025-07-29 22:28:24
부천시,이디야,이디야(서울신대점),커피전문점,경기 부천시 소사구 호현로489번길,032-226-8886,2025-07-29 22:28:24
부천시,이디야,이디야(역곡북부역점),커피전문점,경기 부천시 원미구 부일로,032-345-8249,2025-07-29 22:28:24
부천시,이디야,이디야부천북부역점,커피전문점,경기 부천시 부일로,070-4228-0872,2025-07-29 22:28:24
부천시,이디야,이디야부천약대오거리점,커피전문점,경기 부천시 수도로,032-677-3201,2025-07-29 22:28:24
부천시,이디야,이디야중동시계탑점,커피전문점,경기 부천시 원미구 조마루로297번길,032-327-3399,2025-07-29 22:28:24
부천시,이디야,이디야커피 부천뉴코아점,커피전문점,경기 부천시 송내대로,032-624-7667,2025-07-29 22:28:24
부천시,이디야,이디야커피 부천벚꽃마을점,커피전문점,경기 부천시 원미구 상이로,031-000-0000,2025-07-29 22:28:24
부천시,이디야,이디야커피 부천상동세이브존점,커피전문점,경기 부천시 원미구 길주로,070-000-0000,2025-07-29 22:28:24
부천시,이디야,이디야커피 부천세무서점,커피전문점,경기 부천시 신흥로,032-323-2645,2025-07-29 22:28:24
부천시,이디야,이디야커피 부천소사스위첸점,커피전문점,경기 부천시 은성로67번길,032-345-0953,2025-07-29 22:28:24
부천시,이디야,이디야커피 부천소사점,커피전문점,경기 부천시 소사로,032-345-7321,2025-07-29 22:28:24
부천시,이디야,이디야커피 오정점,커피전문점,경기 부천시 오정로,032-671-1034,2025-07-29 22:28:24
부천시,이디야,이디야커피 원종역점,커피전문점,경기 부천시 오정구 원종로,031-000-0000,2025-07-29 22:28:24
부천시,이디야,이디야커피( EDIYA COFFEE),커피전문점,경기 부천시 지봉로,032-346-6997,2025-07-29 22:28:24
부천시,이디야,이디야커피(EDIYA COFFEE),커피전문점,경기 부천시 옥산로,032-611-8270,2025-07-29 22:28:24
부천시,이디야,이디야커피(EDIYA COFFEE)부천성모,커피전문점,경기 부천시 부흥로,032-1111-1111,2025-07-29 22:28:24
부천시,이디야,이디야커피(부천남부역점),커피전문점,경기 부천시 성주로,032-656-9330,2025-07-29 22:28:24
부천시,BBQ,BBQ치킨앤비어,치킨전문점,경기 부천시 원미구 부일로,033-345-0669,2025-07-29 22:28:29
부천시,BBQ,비비큐 (BBQ)치킨 부천원종점,치킨전문점,경기 부천시 소사로793번길,032-674-0577,2025-07-29 22:28:29
부천시,BBQ,비비큐(BBQ) 부천 심곡점,치킨전문점,경기 부천시 원미구 신흥로,032-653-3392,2025-07-29 22:28:29
부천시,BBQ,비비큐(BBQ) 역곡씨지브이(CGV)점,치킨전문점,경기 부천시 소사구 경인로,032-343-6365,2025-07-29 22:28:30
부천시,BBQ,비비큐(BBQ)부천도당점,치킨전문점,경기 부천시 부천로366번길,032-682-9282,2025-07-29 22:28:30
부천시,BBQ,비비큐(BBQ)치킨,치킨전문점,경기 부천시 오정구 고강로140번길,032-681-7550,2025-07-29 22:28:30
부천시,BBQ,비비큐(BBQ)치킨 부천상동2점,치킨전문점,경기 부천시 원미구 조마루로97번길,032-321-1137,2025-07-29 22:28:30
부천시,BBQ,비비큐(BBQ)치킨 송내점,치킨전문점,경기 부천시 성주로,032-612-8292,2025-07-29 22:28:30
용인시,올리브영,씨제이올리브영(주)AK기흥점,체인스토어,경기 용인시 기흥구 기흥역로,031-000-0000,2025-07-29 22:28:42
용인시,올리브영,씨제이올리브영(주)수지동천점,체인스토어,경기 용인시 수지구 손곡로,031-262-2775,2025-07-29 22:28:42
용인시,올리브영,씨제이올리브영(주)에버랜드점,체인스토어,경기 용인시 처인구 포곡읍 에버랜드로,031-337-2810,2025-07-29 22:28:42
용인시,올리브영,올리브영용인동천역점,체인스토어,경기 용인시 수지구 신수로,031-525-3060,2025-07-29 22:28:42
용인시,다이소,(주)엠케이리테일다이소용인양지,체인스토어,경기 용인시 처인구 남사면 한숲로,031-335-1989,2025-07-29 22:28:47
용인시,다이소,다이소,체인스토어,경기 용인시 처인구 포곡읍 포곡로,031-334-0217,2025-07-29 22:28:47
용인시,다이소,다이소 (강남대점),체인스토어,경기 용인시 기흥구 강남로,031-287-0603,2025-07-29 22:28:47
용인시,다이소,다이소 용인모현점,체인스토어,경기 용인시 처인구 모현읍 백옥대로,031-336-8002,2025-07-29 22:28:47
용인시,다이소,다이소 용인백암점,체인스토어,경기 용인시 처인구 백암면 백암로185번길,031-334-4153,2025-07-29 22:28:47
용인시,다이소,다이소 용인보정점,체인스토어,경기 용인시 기흥구 죽전로,031-897-6870,2025-07-29 22:28:47
용인시,다이소,다이소 용인성복점,체인스토어,경기 용인시 수지구 성복2로76번길,031-263-7090,2025-07-29 22:28:47
용인시,다이소,다이소 용인아곡점,체인스토어,경기 용인시 처인구 남사읍 한숲로,031-335-1989,2025-07-29 22:28:47
용인시,다이소,다이소 용인양지점,체인스토어,경기 용인시 처인구 양지면 양지로,031-338-7959,2025-07-29 22:28:47
용인시,다이소,다이소(수원프리미엄아울렛점),체인스토어,경기 용인시 기흥구 중부대로,031-1234-5678,2025-07-29 22:28:47
용인시,다이소,다이소용인송전점,체인스토어,경기 용인시 처인구 이동읍 경기동로687번길,031-338-0007,2025-07-29 22:28:47
용인시,다이소,씨유(CU) 다이소남사허브센터점,편의점,경기 용인시 처인구 남사면 경기동로,031-374-9170,2025-07-29 22:28:47
용인시,다이소,씨유(CU)다이소남사허브센터점,편의점,경기 용인시 처인구 남사읍 경기동로,02-1577-8007,2025-07-29 22:28:47
용인시,다이소,씨유(CU)다이소남사허브센터점,편의점,경기 용인시 처인구 남사읍 경기동로,02-1577-8007,2025-07-29 22:28:47
용인시,이디야,이디야,커피전문점,경기 용인시 기흥구 동백중앙로,031-8005-6402,2025-07-29 22:28:52
용인시,이디야,이디야 광교숲속마을점,커피전문점,경기 용인시 수지구 광교호수로378번길,070-000-0000,2025-07-29 22:28:52
용인시,이디야,이디야 단대죽전점,커피전문점,경기 용인시 수지구 죽전로144번길,031-889-2210,2025-07-29 22:28:52
용인시,이디야,이디야 상현마을점,커피전문점,경기 용인시 수지구 상현로,031-263-1006,2025-07-29 22:28:52
용인시,이디야,이디야 수지풍덕천점,커피전문점,경기 용인시 수지구 정평로,031-261-6909,2025-07-29 22:28:53
용인시,이디야,이디야 신봉초교점,커피전문점,경기 용인시 수지구 신봉2로,031-261-1874,2025-07-29 22:28:53
용인시,이디야,이디야 용인마평점,커피전문점,경기 용인시 처인구 금령로,031-323-0399,2025-07-29 22:28:53
용인시,이디야,이디야 용인상현중앙점,커피전문점,경기 용인시 수지구 수지로,031-000-0000,2025-07-29 22:28:53
용인시,이디야,이디야 용인서천점,커피전문점,경기 용인시 기흥구 서그내로,031-000-0000,2025-07-29 22:28:53
용인시,이디야,이디야 용인서천중앙점,커피전문점,경기 용인시 기흥구 서천서로20번길,031-205-4328,2025-07-29 22:28:53
용인시,이디야,이디야 용인처인구청점,커피전문점,경기 용인시 처인구 금령로12번길,031-000-0000,2025-07-29 22:28:53
용인시,이디야,이디야 용인포곡점,커피전문점,경기 용인시 처인구 포곡읍 포곡로,031-322-7378,2025-07-29 22:28:53
용인시,이디야,이디야 용인한숲시티점,커피전문점,경기 용인시 처인구 남사읍 한숲로,031-337-0559,2025-07-29 22:28:53
용인시,이디야,이디야 이마트흥덕점,커피전문점,경기 용인시 기흥구 영덕동,031-216-6526,2025-07-29 22:28:53
용인시,이디야,이디야 죽전벽산,커피전문점,경기 용인시 수지구 용구대로2801번길,031-262-0627,2025-07-29 22:28:53
용인시,이디야,이디야 커피용인죽전누리에뜰점,커피전문점,경기 용인시 기흥구 죽전로,031-898-2098,2025-07-29 22:28:53
용인시,이디야,이디야(동백호수점),커피전문점,경기 용인시 기흥구 평촌2로2번길,031-284-8553,2025-07-29 22:28:53
용인시,이디야,이디야(수지구청점),커피전문점,경기 용인시 수지구 풍덕천로,031-000-0000,2025-07-29 22:28:53
용인시,이디야,이디야(용인성복느티나무)점,커피전문점,경기 용인시 수지구 성복1로,031-266-0609,2025-07-29 22:28:53
용인시,이디야,이디야(죽전벽산점),커피전문점,경기 용인시 수지구 용구대로2801번길,031-262-0627,2025-07-29 22:28:53
용인시,이디야,이디야기흥구청점,커피전문점,경기 용인시 기흥구 관곡로,031-283-3547,2025-07-29 22:28:53
용인시,이디야,이디야둔전점,커피전문점,경기 용인시 처인구 포곡읍 포곡로,031-334-3555,2025-07-29 22:28:53
용인시,이디야,이디야수원신갈IC점,커피전문점,경기 용인시 기흥구 중부대로,031-287-2878,2025-07-29 22:28:53
용인시,이디야,이디야어정역점,커피전문점,경기 용인시 기흥구 어정로,031-283-9184,2025-07-29 22:28:53
용인시,이디야,이디야에스프레소,커피전문점,경기 용인시 수지구 성복2로,031-265-2407,2025-07-29 22:28:53
용인시,이디야,이디야역북중앙점,커피전문점,경기 용인시 처인구 중부대로1313번길,031-334-9030,2025-07-29 22:28:53
용인시,이디야,이디야용인IT밸리점,커피전문점,경기 용인시 기흥구 흥덕1로,031-214-2294,2025-07-29 22:28:53
용인시,이디야,이디야용인백암점,커피전문점,경기 용인시 처인구 백암면 덕평로,031-321-4472,2025-07-29 22:28:53
용인시,이디야,이디야용인천리점,커피전문점,경기 용인시 처인구 이동읍 백옥대로,031-333-2517,2025-07-29 22:28:53
용인시,이디야,이디야죽전벽산,커피전문점,경기 용인시 수지구 용구대로2801번길,031-262-0627,2025-07-29 22:28:53
용인시,BBQ,(BBQ)풍덕천 중앙점,치킨전문점,경기 용인시 수지구 포은대로,031-000-0000,2025-07-29 22:28:58
용인시,BBQ,BBQ 치킨,치킨전문점,경기 용인시 처인구 이동면 백옥대로621번길,031-322-1267,2025-07-29 22:28:58
용인시,BBQ,BBQ 치킨 (죽전점),치킨전문점,경기 용인시 수지구 대지로,031-262-8206,2025-07-29 22:28:58
용인시,BBQ,BBQ 치킨청덕점,치킨전문점,경기 용인시 기흥구 구성1로,031-275-8280,2025-07-29 22:28:59
용인시,BBQ,BBQ치킨,치킨전문점,경기 용인시 처인구 양지면 양지로,031-338-9292,2025-07-29 22:28:59
용인시,BBQ,비비큐 (BBQ)죽전아울렛점,치킨전문점,경기 용인시 수지구 용구대로2790번길,031-1588-9282,2025-07-29 22:28:59
용인시,BBQ,비비큐 마평(BBQ 마평),치킨전문점,경기 용인시 처인구 금학로,031-1588-9282,2025-07-29 22:28:59
용인시,BBQ,비비큐 보라(BBQ 보라),치킨전문점,경기 용인시 기흥구 한보라2로14번길,031-286-9907,2025-07-29 22:28:59
용인시,BBQ,비비큐 신갈(BBQ 신갈),치킨전문점,경기 용인시 기흥구 새천년로26번길,031-281-2199,2025-07-29 22:28:59
용인시,BBQ,비비큐(BBQ) 수지신봉점,치킨전문점,경기 용인시 수지구 신봉1로,031-889-9293,2025-07-29 22:28:59
용인시,BBQ,비비큐(BBQ) 용인보정점,치킨전문점,경기 용인시 기흥구 죽현로,031-889-9285,2025-07-29 22:28:59
용인시,BBQ,비비큐(BBQ) 용인역북점,치킨전문점,경기 용인시 처인구 중부대로1299번길,031-321-6121,2025-07-29 22:28:59
용인시,BBQ,비비큐(BBQ)광교상현점,치킨전문점,경기 용인시 수지구 광교중앙로295번길,031-214-9201,2025-07-29 22:28:59
용인시,BBQ,비비큐(BBQ)성복점,일반음식점,경기 용인시 수지구 성복2로76번길,031-261-9287,2025-07-29 22:28:59
용인시,BBQ,비비큐(BBQ)용인둔전점,치킨전문점,경기 용인시 처인구 포곡읍 포곡로108번길,031-321-3328,2025-07-29 22:28:59
용인시,BBQ,비비큐(BBQ)유림점,치킨전문점,경기 용인시 처인구 백옥대로1392번길,031-335-3010,2025-07-29 22:28:59
용인시,BBQ,비비큐(BBQ)치킨 용인동천점,치킨전문점,경기 용인시 수지구 수풍로,031-265-5335,2025-07-29 22:28:59
용인시,BBQ,비비큐(BBQ)치킨 처인중앙점,치킨전문점,경기 용인시 처인구 금학로349번길,031-1577-0000,2025-07-29 22:28:59
용인시,BBQ,신기로BBQ라운지,일반음식점,경기 용인시 처인구 신기로,031-334-5464,2025-07-29 22:28:59
